{
  "project_info": {
    "project_number": "692895073295",
    "firebase_url": "https://mysimpleotp-a9b49.firebaseio.com",
    "project_id": "mysimpleotp-a9b49",
    "storage_bucket": "mysimpleotp-a9b49.appspot.com"
  },
  "client": [
    {
      "client_info": {
        "mobilesdk_app_id": "1:692895073295:android:bdb7cc4df5fbf26b",
        "android_client_info": {
          "package_name": "com.notesbazzar.phoneaunthetication"
        }
      },
      "oauth_client": [
        {
          "client_id": "692895073295-eduq86mm18o2tdv0t002kilra8hrkcc0.apps.googleusercontent.com",
          "client_type": 1,
          "android_info": {
            "package_name": "com.notesbazzar.phoneaunthetication",
            "certificate_hash": "a76b73b11478ee5d1123dd3862cda134ff8e2d77"
          }
        },
        {
          "client_id": "692895073295-47tdvv463vc88uk4qhkvrh06m84gd0g8.apps.googleusercontent.com",
          "client_type": 3
        }
      ],
      "api_key": [
        {
          "current_key": "AIzaSyDJ5sKzmgfXxhxNYjzVTl1DqSYG0S5OXZs"
        }
      ],
      "services": {
        "analytics_service": {
          "status": 1
        },
        "appinvite_service": {
          "status": 2,
          "other_platform_oauth_client": [
            {
              "client_id": "692895073295-47tdvv463vc88uk4qhkvrh06m84gd0g8.apps.googleusercontent.com",
              "client_type": 3
            }
          ]
        },
        "ads_service": {
          "status": 2
        }
      }
    }
  ],
  "configuration_version": "1"
}